food_collected,task_reward,total_reward,episode_length,success,Algorithm,Origem,Mapa,NormObs,Controlo,env_hash,ModeloPath,ModeloData,ModeloFonte
0,0.0,-7127.119365855377,2000,False,GNN,none,mapa_grande,treino,base,e930abe4d992,results/models_7d/models/gnn_3d_best.pth,2026-07-03T10:48:15,meta
0,0.0,-8814.072368997546,2000,False,GNN,none,mapa_grande,treino,base,e930abe4d992,results/models_7d/models/gnn_3d_best.pth,2026-07-03T10:48:15,meta
0,0.0,-7262.10547527277,2000,False,GNN,none,mapa_grande,treino,base,e930abe4d992,results/models_7d/models/gnn_3d_best.pth,2026-07-03T10:48:15,meta
0,0.0,-7477.157174545312,2000,False,GNN,none,mapa_grande,treino,base,e930abe4d992,results/models_7d/models/gnn_3d_best.pth,2026-07-03T10:48:15,meta
0,0.0,-7308.930675683115,2000,False,GNN,none,mapa_grande,treino,base,e930abe4d992,results/models_7d/models/gnn_3d_best.pth,2026-07-03T10:48:15,meta
0,0.0,-5540.735631052797,2000,False,GNN,none,mapa_grande,treino,base,e930abe4d992,results/models_7d/models/gnn_3d_best.pth,2026-07-03T10:48:15,meta
0,0.0,-5816.715004483618,2000,False,GNN,none,mapa_grande,treino,base,e930abe4d992,results/models_7d/models/gnn_3d_best.pth,2026-07-03T10:48:15,meta
0,0.0,-7902.210558556017,2000,False,GNN,none,mapa_grande,treino,base,e930abe4d992,results/models_7d/models/gnn_3d_best.pth,2026-07-03T10:48:15,meta
0,0.0,-6120.749650100848,2000,False,GNN,none,mapa_grande,treino,base,e930abe4d992,results/models_7d/models/gnn_3d_best.pth,2026-07-03T10:48:15,meta
0,0.0,-5576.79680363497,2000,False,GNN,none,mapa_grande,treino,base,e930abe4d992,results/models_7d/models/gnn_3d_best.pth,2026-07-03T10:48:15,meta
0,0.0,-6289.06336370111,2000,False,GNN,none,mapa_grande,treino,base,e930abe4d992,results/models_7d/models/gnn_3d_best.pth,2026-07-03T10:48:15,meta
0,0.0,-6239.967109046687,2000,False,GNN,none,mapa_grande,treino,base,e930abe4d992,results/models_7d/models/gnn_3d_best.pth,2026-07-03T10:48:15,meta
0,0.0,-5122.568404259683,2000,False,GNN,none,mapa_grande,treino,base,e930abe4d992,results/models_7d/models/gnn_3d_best.pth,2026-07-03T10:48:15,meta
0,0.0,-5410.634534542985,2000,False,GNN,none,mapa_grande,treino,base,e930abe4d992,results/models_7d/models/gnn_3d_best.pth,2026-07-03T10:48:15,meta
0,0.0,-7429.913631536795,2000,False,GNN,none,mapa_grande,treino,base,e930abe4d992,results/models_7d/models/gnn_3d_best.pth,2026-07-03T10:48:15,meta
0,0.0,-4821.800529325938,2000,False,GNN,none,mapa_grande,treino,base,e930abe4d992,results/models_7d/models/gnn_3d_best.pth,2026-07-03T10:48:15,meta
0,0.0,-5813.73911412178,2000,False,GNN,none,mapa_grande,treino,base,e930abe4d992,results/models_7d/models/gnn_3d_best.pth,2026-07-03T10:48:15,meta
0,0.0,-6923.327200184064,2000,False,GNN,none,mapa_grande,treino,base,e930abe4d992,results/models_7d/models/gnn_3d_best.pth,2026-07-03T10:48:15,meta
0,0.0,-5219.705129742146,2000,False,GNN,none,mapa_grande,treino,base,e930abe4d992,results/models_7d/models/gnn_3d_best.pth,2026-07-03T10:48:15,meta
0,0.0,-5773.992898491031,2000,False,GNN,none,mapa_grande,treino,base,e930abe4d992,results/models_7d/models/gnn_3d_best.pth,2026-07-03T10:48:15,meta
0,0.0,-17375.685802828826,2000,False,GNN,u_wall,mapa_grande,treino,base,e930abe4d992,results/models_7d/models/gnn_3d_best_u_wall.pth,2026-07-03T23:49:03,meta
0,0.0,-15956.351203122824,2000,False,GNN,u_wall,mapa_grande,treino,base,e930abe4d992,results/models_7d/models/gnn_3d_best_u_wall.pth,2026-07-03T23:49:03,meta
0,0.0,-16852.156326530614,2000,False,GNN,u_wall,mapa_grande,treino,base,e930abe4d992,results/models_7d/models/gnn_3d_best_u_wall.pth,2026-07-03T23:49:03,meta
0,0.0,-17182.311011321908,2000,False,GNN,u_wall,mapa_grande,treino,base,e930abe4d992,results/models_7d/models/gnn_3d_best_u_wall.pth,2026-07-03T23:49:03,meta
0,0.0,-16305.082841241485,2000,False,GNN,u_wall,mapa_grande,treino,base,e930abe4d992,results/models_7d/models/gnn_3d_best_u_wall.pth,2026-07-03T23:49:03,meta
0,0.0,-16098.417208995157,2000,False,GNN,u_wall,mapa_grande,treino,base,e930abe4d992,results/models_7d/models/gnn_3d_best_u_wall.pth,2026-07-03T23:49:03,meta
0,0.0,-16562.123940873887,2000,False,GNN,u_wall,mapa_grande,treino,base,e930abe4d992,results/models_7d/models/gnn_3d_best_u_wall.pth,2026-07-03T23:49:03,meta
0,0.0,-14036.91414390883,2000,False,GNN,u_wall,mapa_grande,treino,base,e930abe4d992,results/models_7d/models/gnn_3d_best_u_wall.pth,2026-07-03T23:49:03,meta
0,0.0,-17458.581993013395,2000,False,GNN,u_wall,mapa_grande,treino,base,e930abe4d992,results/models_7d/models/gnn_3d_best_u_wall.pth,2026-07-03T23:49:03,meta
0,0.0,-17455.78627624987,2000,False,GNN,u_wall,mapa_grande,treino,base,e930abe4d992,results/models_7d/models/gnn_3d_best_u_wall.pth,2026-07-03T23:49:03,meta
0,0.0,-15751.528427581128,2000,False,GNN,u_wall,mapa_grande,treino,base,e930abe4d992,results/models_7d/models/gnn_3d_best_u_wall.pth,2026-07-03T23:49:03,meta
0,0.0,-18082.41885452791,2000,False,GNN,u_wall,mapa_grande,treino,base,e930abe4d992,results/models_7d/models/gnn_3d_best_u_wall.pth,2026-07-03T23:49:03,meta
0,0.0,-16636.290504392906,2000,False,GNN,u_wall,mapa_grande,treino,base,e930abe4d992,results/models_7d/models/gnn_3d_best_u_wall.pth,2026-07-03T23:49:03,meta
0,0.0,-16908.013834925972,2000,False,GNN,u_wall,mapa_grande,treino,base,e930abe4d992,results/models_7d/models/gnn_3d_best_u_wall.pth,2026-07-03T23:49:03,meta
0,0.0,-17132.130825097825,2000,False,GNN,u_wall,mapa_grande,treino,base,e930abe4d992,results/models_7d/models/gnn_3d_best_u_wall.pth,2026-07-03T23:49:03,meta
0,0.0,-12090.40919286432,2000,False,GNN,u_wall,mapa_grande,treino,base,e930abe4d992,results/models_7d/models/gnn_3d_best_u_wall.pth,2026-07-03T23:49:03,meta
0,0.0,-16329.901911382354,2000,False,GNN,u_wall,mapa_grande,treino,base,e930abe4d992,results/models_7d/models/gnn_3d_best_u_wall.pth,2026-07-03T23:49:03,meta
0,0.0,-13455.087488727087,2000,False,GNN,u_wall,mapa_grande,treino,base,e930abe4d992,results/models_7d/models/gnn_3d_best_u_wall.pth,2026-07-03T23:49:03,meta
0,0.0,-16038.71354802645,2000,False,GNN,u_wall,mapa_grande,treino,base,e930abe4d992,results/models_7d/models/gnn_3d_best_u_wall.pth,2026-07-03T23:49:03,meta
0,0.0,-17359.86682070369,2000,False,GNN,u_wall,mapa_grande,treino,base,e930abe4d992,results/models_7d/models/gnn_3d_best_u_wall.pth,2026-07-03T23:49:03,meta
0,0.0,-3738.0593359834093,2000,False,GNN,bottleneck,mapa_grande,treino,base,e930abe4d992,results/models_7d/models/gnn_3d_best_bottleneck.pth,2026-07-05T14:51:38,meta
0,0.0,-4073.7525849282106,2000,False,GNN,bottleneck,mapa_grande,treino,base,e930abe4d992,results/models_7d/models/gnn_3d_best_bottleneck.pth,2026-07-05T14:51:38,meta
0,0.0,-4361.722222851751,2000,False,GNN,bottleneck,mapa_grande,treino,base,e930abe4d992,results/models_7d/models/gnn_3d_best_bottleneck.pth,2026-07-05T14:51:38,meta
0,0.0,-3201.2225099389184,2000,False,GNN,bottleneck,mapa_grande,treino,base,e930abe4d992,results/models_7d/models/gnn_3d_best_bottleneck.pth,2026-07-05T14:51:38,meta
0,0.0,-5588.484636608057,2000,False,GNN,bottleneck,mapa_grande,treino,base,e930abe4d992,results/models_7d/models/gnn_3d_best_bottleneck.pth,2026-07-05T14:51:38,meta
0,0.0,-5471.622982342396,2000,False,GNN,bottleneck,mapa_grande,treino,base,e930abe4d992,results/models_7d/models/gnn_3d_best_bottleneck.pth,2026-07-05T14:51:38,meta
0,0.0,-3699.6281092186846,2000,False,GNN,bottleneck,mapa_grande,treino,base,e930abe4d992,results/models_7d/models/gnn_3d_best_bottleneck.pth,2026-07-05T14:51:38,meta
0,0.0,-4300.72736169976,2000,False,GNN,bottleneck,mapa_grande,treino,base,e930abe4d992,results/models_7d/models/gnn_3d_best_bottleneck.pth,2026-07-05T14:51:38,meta
0,0.0,-3861.8233764906913,2000,False,GNN,bottleneck,mapa_grande,treino,base,e930abe4d992,results/models_7d/models/gnn_3d_best_bottleneck.pth,2026-07-05T14:51:38,meta
0,0.0,-5870.806518205909,2000,False,GNN,bottleneck,mapa_grande,treino,base,e930abe4d992,results/models_7d/models/gnn_3d_best_bottleneck.pth,2026-07-05T14:51:38,meta
0,0.0,-7068.462135393872,2000,False,GNN,bottleneck,mapa_grande,treino,base,e930abe4d992,results/models_7d/models/gnn_3d_best_bottleneck.pth,2026-07-05T14:51:38,meta
0,0.0,-6919.12043471041,2000,False,GNN,bottleneck,mapa_grande,treino,base,e930abe4d992,results/models_7d/models/gnn_3d_best_bottleneck.pth,2026-07-05T14:51:38,meta
0,0.0,-6851.280562812673,2000,False,GNN,bottleneck,mapa_grande,treino,base,e930abe4d992,results/models_7d/models/gnn_3d_best_bottleneck.pth,2026-07-05T14:51:38,meta
0,0.0,-3347.642250993729,2000,False,GNN,bottleneck,mapa_grande,treino,base,e930abe4d992,results/models_7d/models/gnn_3d_best_bottleneck.pth,2026-07-05T14:51:38,meta
0,0.0,-5112.941567000809,2000,False,GNN,bottleneck,mapa_grande,treino,base,e930abe4d992,results/models_7d/models/gnn_3d_best_bottleneck.pth,2026-07-05T14:51:38,meta
0,0.0,-6738.817172766478,2000,False,GNN,bottleneck,mapa_grande,treino,base,e930abe4d992,results/models_7d/models/gnn_3d_best_bottleneck.pth,2026-07-05T14:51:38,meta
0,0.0,-7697.514441010994,2000,False,GNN,bottleneck,mapa_grande,treino,base,e930abe4d992,results/models_7d/models/gnn_3d_best_bottleneck.pth,2026-07-05T14:51:38,meta
0,0.0,-6546.44411244781,2000,False,GNN,bottleneck,mapa_grande,treino,base,e930abe4d992,results/models_7d/models/gnn_3d_best_bottleneck.pth,2026-07-05T14:51:38,meta
0,0.0,-5462.24562927951,2000,False,GNN,bottleneck,mapa_grande,treino,base,e930abe4d992,results/models_7d/models/gnn_3d_best_bottleneck.pth,2026-07-05T14:51:38,meta
0,0.0,-4556.032046525941,2000,False,GNN,bottleneck,mapa_grande,treino,base,e930abe4d992,results/models_7d/models/gnn_3d_best_bottleneck.pth,2026-07-05T14:51:38,meta
0,0.0,-3108.3881911477965,2000,False,GNN,four_rooms,mapa_grande,treino,base,e930abe4d992,results/models_7d/models/gnn_3d_best_four_rooms.pth,2026-07-06T07:08:29,meta
0,0.0,-4894.382591528556,2000,False,GNN,four_rooms,mapa_grande,treino,base,e930abe4d992,results/models_7d/models/gnn_3d_best_four_rooms.pth,2026-07-06T07:08:29,meta
0,0.0,-5266.753148152936,2000,False,GNN,four_rooms,mapa_grande,treino,base,e930abe4d992,results/models_7d/models/gnn_3d_best_four_rooms.pth,2026-07-06T07:08:29,meta
0,0.0,-3970.848168425149,2000,False,GNN,four_rooms,mapa_grande,treino,base,e930abe4d992,results/models_7d/models/gnn_3d_best_four_rooms.pth,2026-07-06T07:08:29,meta
0,0.0,-5393.8540389664695,2000,False,GNN,four_rooms,mapa_grande,treino,base,e930abe4d992,results/models_7d/models/gnn_3d_best_four_rooms.pth,2026-07-06T07:08:29,meta
0,0.0,-6090.014408684539,2000,False,GNN,four_rooms,mapa_grande,treino,base,e930abe4d992,results/models_7d/models/gnn_3d_best_four_rooms.pth,2026-07-06T07:08:29,meta
0,0.0,-6933.923630943836,2000,False,GNN,four_rooms,mapa_grande,treino,base,e930abe4d992,results/models_7d/models/gnn_3d_best_four_rooms.pth,2026-07-06T07:08:29,meta
0,0.0,-4482.58375093656,2000,False,GNN,four_rooms,mapa_grande,treino,base,e930abe4d992,results/models_7d/models/gnn_3d_best_four_rooms.pth,2026-07-06T07:08:29,meta
0,0.0,-3411.6438877646283,2000,False,GNN,four_rooms,mapa_grande,treino,base,e930abe4d992,results/models_7d/models/gnn_3d_best_four_rooms.pth,2026-07-06T07:08:29,meta
0,0.0,-4055.4831698240337,2000,False,GNN,four_rooms,mapa_grande,treino,base,e930abe4d992,results/models_7d/models/gnn_3d_best_four_rooms.pth,2026-07-06T07:08:29,meta
0,0.0,-4727.581894718366,2000,False,GNN,four_rooms,mapa_grande,treino,base,e930abe4d992,results/models_7d/models/gnn_3d_best_four_rooms.pth,2026-07-06T07:08:29,meta
0,0.0,-4976.8855038568,2000,False,GNN,four_rooms,mapa_grande,treino,base,e930abe4d992,results/models_7d/models/gnn_3d_best_four_rooms.pth,2026-07-06T07:08:29,meta
0,0.0,-6876.736518339744,2000,False,GNN,four_rooms,mapa_grande,treino,base,e930abe4d992,results/models_7d/models/gnn_3d_best_four_rooms.pth,2026-07-06T07:08:29,meta
0,0.0,-3549.9904852780664,2000,False,GNN,four_rooms,mapa_grande,treino,base,e930abe4d992,results/models_7d/models/gnn_3d_best_four_rooms.pth,2026-07-06T07:08:29,meta
0,0.0,-6778.585961062741,2000,False,GNN,four_rooms,mapa_grande,treino,base,e930abe4d992,results/models_7d/models/gnn_3d_best_four_rooms.pth,2026-07-06T07:08:29,meta
0,0.0,-6016.2049843740515,2000,False,GNN,four_rooms,mapa_grande,treino,base,e930abe4d992,results/models_7d/models/gnn_3d_best_four_rooms.pth,2026-07-06T07:08:29,meta
0,0.0,-5654.416893664216,2000,False,GNN,four_rooms,mapa_grande,treino,base,e930abe4d992,results/models_7d/models/gnn_3d_best_four_rooms.pth,2026-07-06T07:08:29,meta
0,0.0,-5122.267829701537,2000,False,GNN,four_rooms,mapa_grande,treino,base,e930abe4d992,results/models_7d/models/gnn_3d_best_four_rooms.pth,2026-07-06T07:08:29,meta
0,0.0,-4249.87528381666,2000,False,GNN,four_rooms,mapa_grande,treino,base,e930abe4d992,results/models_7d/models/gnn_3d_best_four_rooms.pth,2026-07-06T07:08:29,meta
0,0.0,-2533.767445202252,2000,False,GNN,four_rooms,mapa_grande,treino,base,e930abe4d992,results/models_7d/models/gnn_3d_best_four_rooms.pth,2026-07-06T07:08:29,meta
0,0.0,-5093.7486360747935,2000,False,GNN,cooperative_door,mapa_grande,treino,base,e930abe4d992,results/models_7d/models/gnn_3d_best_cooperative_door.pth,2026-07-07T12:26:07,meta
0,0.0,-6909.023288870133,2000,False,GNN,cooperative_door,mapa_grande,treino,base,e930abe4d992,results/models_7d/models/gnn_3d_best_cooperative_door.pth,2026-07-07T12:26:07,meta
0,0.0,-4645.042841003464,2000,False,GNN,cooperative_door,mapa_grande,treino,base,e930abe4d992,results/models_7d/models/gnn_3d_best_cooperative_door.pth,2026-07-07T12:26:07,meta
0,0.0,-6218.932891460779,2000,False,GNN,cooperative_door,mapa_grande,treino,base,e930abe4d992,results/models_7d/models/gnn_3d_best_cooperative_door.pth,2026-07-07T12:26:07,meta
0,0.0,-4434.973749476283,2000,False,GNN,cooperative_door,mapa_grande,treino,base,e930abe4d992,results/models_7d/models/gnn_3d_best_cooperative_door.pth,2026-07-07T12:26:07,meta
0,0.0,-7987.847172175908,2000,False,GNN,cooperative_door,mapa_grande,treino,base,e930abe4d992,results/models_7d/models/gnn_3d_best_cooperative_door.pth,2026-07-07T12:26:07,meta
0,0.0,-2927.2572411671963,2000,False,GNN,cooperative_door,mapa_grande,treino,base,e930abe4d992,results/models_7d/models/gnn_3d_best_cooperative_door.pth,2026-07-07T12:26:07,meta
0,0.0,-6417.485947191413,2000,False,GNN,cooperative_door,mapa_grande,treino,base,e930abe4d992,results/models_7d/models/gnn_3d_best_cooperative_door.pth,2026-07-07T12:26:07,meta
0,0.0,-5071.5607127060575,2000,False,GNN,cooperative_door,mapa_grande,treino,base,e930abe4d992,results/models_7d/models/gnn_3d_best_cooperative_door.pth,2026-07-07T12:26:07,meta
0,0.0,-3465.0181999845645,2000,False,GNN,cooperative_door,mapa_grande,treino,base,e930abe4d992,results/models_7d/models/gnn_3d_best_cooperative_door.pth,2026-07-07T12:26:07,meta
0,0.0,-5965.481229494257,2000,False,GNN,cooperative_door,mapa_grande,treino,base,e930abe4d992,results/models_7d/models/gnn_3d_best_cooperative_door.pth,2026-07-07T12:26:07,meta
0,0.0,-6040.971061940788,2000,False,GNN,cooperative_door,mapa_grande,treino,base,e930abe4d992,results/models_7d/models/gnn_3d_best_cooperative_door.pth,2026-07-07T12:26:07,meta
0,0.0,-6622.314066029799,2000,False,GNN,cooperative_door,mapa_grande,treino,base,e930abe4d992,results/models_7d/models/gnn_3d_best_cooperative_door.pth,2026-07-07T12:26:07,meta
0,0.0,-3433.2328208419453,2000,False,GNN,cooperative_door,mapa_grande,treino,base,e930abe4d992,results/models_7d/models/gnn_3d_best_cooperative_door.pth,2026-07-07T12:26:07,meta
0,0.0,-2671.5534711169307,2000,False,GNN,cooperative_door,mapa_grande,treino,base,e930abe4d992,results/models_7d/models/gnn_3d_best_cooperative_door.pth,2026-07-07T12:26:07,meta
0,0.0,-7540.079119138894,2000,False,GNN,cooperative_door,mapa_grande,treino,base,e930abe4d992,results/models_7d/models/gnn_3d_best_cooperative_door.pth,2026-07-07T12:26:07,meta
0,0.0,-5056.8380328102385,2000,False,GNN,cooperative_door,mapa_grande,treino,base,e930abe4d992,results/models_7d/models/gnn_3d_best_cooperative_door.pth,2026-07-07T12:26:07,meta
0,0.0,-5810.9517830437435,2000,False,GNN,cooperative_door,mapa_grande,treino,base,e930abe4d992,results/models_7d/models/gnn_3d_best_cooperative_door.pth,2026-07-07T12:26:07,meta
0,0.0,-2595.1595906881003,2000,False,GNN,cooperative_door,mapa_grande,treino,base,e930abe4d992,results/models_7d/models/gnn_3d_best_cooperative_door.pth,2026-07-07T12:26:07,meta
0,0.0,-1875.6352340826072,2000,False,GNN,cooperative_door,mapa_grande,treino,base,e930abe4d992,results/models_7d/models/gnn_3d_best_cooperative_door.pth,2026-07-07T12:26:07,meta
0,0.0,-9694.402086572427,2000,False,GNN,cooperative_perception,mapa_grande,treino,base,e930abe4d992,results/models_7d/models/gnn_3d_best_cooperative_perception.pth,2026-07-08T01:26:36,meta
0,0.0,-6838.7064818134095,2000,False,GNN,cooperative_perception,mapa_grande,treino,base,e930abe4d992,results/models_7d/models/gnn_3d_best_cooperative_perception.pth,2026-07-08T01:26:36,meta
0,0.0,-5761.608689018443,2000,False,GNN,cooperative_perception,mapa_grande,treino,base,e930abe4d992,results/models_7d/models/gnn_3d_best_cooperative_perception.pth,2026-07-08T01:26:36,meta
0,0.0,-6608.526683930515,2000,False,GNN,cooperative_perception,mapa_grande,treino,base,e930abe4d992,results/models_7d/models/gnn_3d_best_cooperative_perception.pth,2026-07-08T01:26:36,meta
0,0.0,-5522.1990018019715,2000,False,GNN,cooperative_perception,mapa_grande,treino,base,e930abe4d992,results/models_7d/models/gnn_3d_best_cooperative_perception.pth,2026-07-08T01:26:36,meta
0,0.0,-6062.690207225762,2000,False,GNN,cooperative_perception,mapa_grande,treino,base,e930abe4d992,results/models_7d/models/gnn_3d_best_cooperative_perception.pth,2026-07-08T01:26:36,meta
0,0.0,-6582.759537873555,2000,False,GNN,cooperative_perception,mapa_grande,treino,base,e930abe4d992,results/models_7d/models/gnn_3d_best_cooperative_perception.pth,2026-07-08T01:26:36,meta
0,0.0,-9998.400611151837,2000,False,GNN,cooperative_perception,mapa_grande,treino,base,e930abe4d992,results/models_7d/models/gnn_3d_best_cooperative_perception.pth,2026-07-08T01:26:36,meta
0,0.0,-4477.107473498989,2000,False,GNN,cooperative_perception,mapa_grande,treino,base,e930abe4d992,results/models_7d/models/gnn_3d_best_cooperative_perception.pth,2026-07-08T01:26:36,meta
0,0.0,-7405.906662218107,2000,False,GNN,cooperative_perception,mapa_grande,treino,base,e930abe4d992,results/models_7d/models/gnn_3d_best_cooperative_perception.pth,2026-07-08T01:26:36,meta
0,0.0,-5820.512765480353,2000,False,GNN,cooperative_perception,mapa_grande,treino,base,e930abe4d992,results/models_7d/models/gnn_3d_best_cooperative_perception.pth,2026-07-08T01:26:36,meta
0,0.0,-9165.591773455591,2000,False,GNN,cooperative_perception,mapa_grande,treino,base,e930abe4d992,results/models_7d/models/gnn_3d_best_cooperative_perception.pth,2026-07-08T01:26:36,meta
0,0.0,-8514.57490533538,2000,False,GNN,cooperative_perception,mapa_grande,treino,base,e930abe4d992,results/models_7d/models/gnn_3d_best_cooperative_perception.pth,2026-07-08T01:26:36,meta
0,0.0,-6831.152066435051,2000,False,GNN,cooperative_perception,mapa_grande,treino,base,e930abe4d992,results/models_7d/models/gnn_3d_best_cooperative_perception.pth,2026-07-08T01:26:36,meta
0,0.0,-5281.364790258673,2000,False,GNN,cooperative_perception,mapa_grande,treino,base,e930abe4d992,results/models_7d/models/gnn_3d_best_cooperative_perception.pth,2026-07-08T01:26:36,meta
0,0.0,-10161.75659625804,2000,False,GNN,cooperative_perception,mapa_grande,treino,base,e930abe4d992,results/models_7d/models/gnn_3d_best_cooperative_perception.pth,2026-07-08T01:26:36,meta
0,0.0,-4525.380068032155,2000,False,GNN,cooperative_perception,mapa_grande,treino,base,e930abe4d992,results/models_7d/models/gnn_3d_best_cooperative_perception.pth,2026-07-08T01:26:36,meta
0,0.0,-8154.236505333521,2000,False,GNN,cooperative_perception,mapa_grande,treino,base,e930abe4d992,results/models_7d/models/gnn_3d_best_cooperative_perception.pth,2026-07-08T01:26:36,meta
0,0.0,-5098.231752415765,2000,False,GNN,cooperative_perception,mapa_grande,treino,base,e930abe4d992,results/models_7d/models/gnn_3d_best_cooperative_perception.pth,2026-07-08T01:26:36,meta
0,0.0,-8390.378097181587,2000,False,GNN,cooperative_perception,mapa_grande,treino,base,e930abe4d992,results/models_7d/models/gnn_3d_best_cooperative_perception.pth,2026-07-08T01:26:36,meta
0,0.0,-8473.729721115258,2000,False,GNN,cooperative_door_bypass,mapa_grande,treino,base,e930abe4d992,results/models_7d/models/gnn_3d_best_cooperative_door_bypass.pth,2026-07-09T09:59:29,meta
0,0.0,-8912.222537234466,2000,False,GNN,cooperative_door_bypass,mapa_grande,treino,base,e930abe4d992,results/models_7d/models/gnn_3d_best_cooperative_door_bypass.pth,2026-07-09T09:59:29,meta
0,0.0,-7249.688297934286,2000,False,GNN,cooperative_door_bypass,mapa_grande,treino,base,e930abe4d992,results/models_7d/models/gnn_3d_best_cooperative_door_bypass.pth,2026-07-09T09:59:29,meta
0,0.0,-7365.840469688593,2000,False,GNN,cooperative_door_bypass,mapa_grande,treino,base,e930abe4d992,results/models_7d/models/gnn_3d_best_cooperative_door_bypass.pth,2026-07-09T09:59:29,meta
0,0.0,-5856.926433504212,2000,False,GNN,cooperative_door_bypass,mapa_grande,treino,base,e930abe4d992,results/models_7d/models/gnn_3d_best_cooperative_door_bypass.pth,2026-07-09T09:59:29,meta
0,0.0,-7263.278202875468,2000,False,GNN,cooperative_door_bypass,mapa_grande,treino,base,e930abe4d992,results/models_7d/models/gnn_3d_best_cooperative_door_bypass.pth,2026-07-09T09:59:29,meta
0,0.0,-9234.287775916831,2000,False,GNN,cooperative_door_bypass,mapa_grande,treino,base,e930abe4d992,results/models_7d/models/gnn_3d_best_cooperative_door_bypass.pth,2026-07-09T09:59:29,meta
0,0.0,-8061.199770976167,2000,False,GNN,cooperative_door_bypass,mapa_grande,treino,base,e930abe4d992,results/models_7d/models/gnn_3d_best_cooperative_door_bypass.pth,2026-07-09T09:59:29,meta
0,0.0,-6604.076992172187,2000,False,GNN,cooperative_door_bypass,mapa_grande,treino,base,e930abe4d992,results/models_7d/models/gnn_3d_best_cooperative_door_bypass.pth,2026-07-09T09:59:29,meta
0,0.0,-6543.022614320735,2000,False,GNN,cooperative_door_bypass,mapa_grande,treino,base,e930abe4d992,results/models_7d/models/gnn_3d_best_cooperative_door_bypass.pth,2026-07-09T09:59:29,meta
0,0.0,-6625.629757203435,2000,False,GNN,cooperative_door_bypass,mapa_grande,treino,base,e930abe4d992,results/models_7d/models/gnn_3d_best_cooperative_door_bypass.pth,2026-07-09T09:59:29,meta
0,0.0,-8228.975705292134,2000,False,GNN,cooperative_door_bypass,mapa_grande,treino,base,e930abe4d992,results/models_7d/models/gnn_3d_best_cooperative_door_bypass.pth,2026-07-09T09:59:29,meta
0,0.0,-8687.813708182872,2000,False,GNN,cooperative_door_bypass,mapa_grande,treino,base,e930abe4d992,results/models_7d/models/gnn_3d_best_cooperative_door_bypass.pth,2026-07-09T09:59:29,meta
0,0.0,-7239.149864565801,2000,False,GNN,cooperative_door_bypass,mapa_grande,treino,base,e930abe4d992,results/models_7d/models/gnn_3d_best_cooperative_door_bypass.pth,2026-07-09T09:59:29,meta
0,0.0,-8109.570692404043,2000,False,GNN,cooperative_door_bypass,mapa_grande,treino,base,e930abe4d992,results/models_7d/models/gnn_3d_best_cooperative_door_bypass.pth,2026-07-09T09:59:29,meta
0,0.0,-5673.410690618259,2000,False,GNN,cooperative_door_bypass,mapa_grande,treino,base,e930abe4d992,results/models_7d/models/gnn_3d_best_cooperative_door_bypass.pth,2026-07-09T09:59:29,meta
0,0.0,-8282.955565501712,2000,False,GNN,cooperative_door_bypass,mapa_grande,treino,base,e930abe4d992,results/models_7d/models/gnn_3d_best_cooperative_door_bypass.pth,2026-07-09T09:59:29,meta
0,0.0,-12073.514651418815,2000,False,GNN,cooperative_door_bypass,mapa_grande,treino,base,e930abe4d992,results/models_7d/models/gnn_3d_best_cooperative_door_bypass.pth,2026-07-09T09:59:29,meta
0,0.0,-6900.266264313347,2000,False,GNN,cooperative_door_bypass,mapa_grande,treino,base,e930abe4d992,results/models_7d/models/gnn_3d_best_cooperative_door_bypass.pth,2026-07-09T09:59:29,meta
0,0.0,-5379.439720537965,2000,False,GNN,cooperative_door_bypass,mapa_grande,treino,base,e930abe4d992,results/models_7d/models/gnn_3d_best_cooperative_door_bypass.pth,2026-07-09T09:59:29,meta
0,0.0,-10819.47803146207,2000,False,PPO,none,mapa_grande,treino,base,e930abe4d992,results/models_7d/models_ppo/ppo_3d_final.zip,2026-07-03T00:07:00,mtime
0,0.0,-12171.200196607337,2000,False,PPO,none,mapa_grande,treino,base,e930abe4d992,results/models_7d/models_ppo/ppo_3d_final.zip,2026-07-03T00:07:00,mtime
0,0.0,-10426.253855348195,2000,False,PPO,none,mapa_grande,treino,base,e930abe4d992,results/models_7d/models_ppo/ppo_3d_final.zip,2026-07-03T00:07:00,mtime
0,0.0,-11747.208223382984,2000,False,PPO,none,mapa_grande,treino,base,e930abe4d992,results/models_7d/models_ppo/ppo_3d_final.zip,2026-07-03T00:07:00,mtime
0,0.0,-12187.79146294851,2000,False,PPO,none,mapa_grande,treino,base,e930abe4d992,results/models_7d/models_ppo/ppo_3d_final.zip,2026-07-03T00:07:00,mtime
0,0.0,-8723.580939587226,2000,False,PPO,none,mapa_grande,treino,base,e930abe4d992,results/models_7d/models_ppo/ppo_3d_final.zip,2026-07-03T00:07:00,mtime
0,0.0,-11065.990267789788,2000,False,PPO,none,mapa_grande,treino,base,e930abe4d992,results/models_7d/models_ppo/ppo_3d_final.zip,2026-07-03T00:07:00,mtime
0,0.0,-12754.128882712821,2000,False,PPO,none,mapa_grande,treino,base,e930abe4d992,results/models_7d/models_ppo/ppo_3d_final.zip,2026-07-03T00:07:00,mtime
0,0.0,-7955.223288535264,2000,False,PPO,none,mapa_grande,treino,base,e930abe4d992,results/models_7d/models_ppo/ppo_3d_final.zip,2026-07-03T00:07:00,mtime
0,0.0,-11153.38702711093,2000,False,PPO,none,mapa_grande,treino,base,e930abe4d992,results/models_7d/models_ppo/ppo_3d_final.zip,2026-07-03T00:07:00,mtime
0,0.0,-11356.828094349612,2000,False,PPO,none,mapa_grande,treino,base,e930abe4d992,results/models_7d/models_ppo/ppo_3d_final.zip,2026-07-03T00:07:00,mtime
0,0.0,-10998.548957223777,2000,False,PPO,none,mapa_grande,treino,base,e930abe4d992,results/models_7d/models_ppo/ppo_3d_final.zip,2026-07-03T00:07:00,mtime
0,0.0,-13026.034912279963,2000,False,PPO,none,mapa_grande,treino,base,e930abe4d992,results/models_7d/models_ppo/ppo_3d_final.zip,2026-07-03T00:07:00,mtime
0,0.0,-11200.065466410233,2000,False,PPO,none,mapa_grande,treino,base,e930abe4d992,results/models_7d/models_ppo/ppo_3d_final.zip,2026-07-03T00:07:00,mtime
0,0.0,-11688.119347519296,2000,False,PPO,none,mapa_grande,treino,base,e930abe4d992,results/models_7d/models_ppo/ppo_3d_final.zip,2026-07-03T00:07:00,mtime
0,0.0,-9698.6667034401,2000,False,PPO,none,mapa_grande,treino,base,e930abe4d992,results/models_7d/models_ppo/ppo_3d_final.zip,2026-07-03T00:07:00,mtime
0,0.0,-11497.280687215165,2000,False,PPO,none,mapa_grande,treino,base,e930abe4d992,results/models_7d/models_ppo/ppo_3d_final.zip,2026-07-03T00:07:00,mtime
0,0.0,-12775.98221357593,2000,False,PPO,none,mapa_grande,treino,base,e930abe4d992,results/models_7d/models_ppo/ppo_3d_final.zip,2026-07-03T00:07:00,mtime
0,0.0,-11235.970762508123,2000,False,PPO,none,mapa_grande,treino,base,e930abe4d992,results/models_7d/models_ppo/ppo_3d_final.zip,2026-07-03T00:07:00,mtime
0,0.0,-10083.50485189374,2000,False,PPO,none,mapa_grande,treino,base,e930abe4d992,results/models_7d/models_ppo/ppo_3d_final.zip,2026-07-03T00:07:00,mtime
0,0.0,-3566.1721215211187,2000,False,PPO,u_wall,mapa_grande,treino,base,e930abe4d992,results/models_7d/models_ppo/ppo_3d_final_u_wall.zip,2026-07-03T05:43:57,mtime
0,0.0,-3511.4535059632285,2000,False,PPO,u_wall,mapa_grande,treino,base,e930abe4d992,results/models_7d/models_ppo/ppo_3d_final_u_wall.zip,2026-07-03T05:43:57,mtime
0,0.0,-3441.692408671119,2000,False,PPO,u_wall,mapa_grande,treino,base,e930abe4d992,results/models_7d/models_ppo/ppo_3d_final_u_wall.zip,2026-07-03T05:43:57,mtime
0,0.0,-4790.915488072614,2000,False,PPO,u_wall,mapa_grande,treino,base,e930abe4d992,results/models_7d/models_ppo/ppo_3d_final_u_wall.zip,2026-07-03T05:43:57,mtime
0,0.0,-3594.106088965254,2000,False,PPO,u_wall,mapa_grande,treino,base,e930abe4d992,results/models_7d/models_ppo/ppo_3d_final_u_wall.zip,2026-07-03T05:43:57,mtime
0,0.0,-7174.232782430577,2000,False,PPO,u_wall,mapa_grande,treino,base,e930abe4d992,results/models_7d/models_ppo/ppo_3d_final_u_wall.zip,2026-07-03T05:43:57,mtime
0,0.0,-5173.484907058744,2000,False,PPO,u_wall,mapa_grande,treino,base,e930abe4d992,results/models_7d/models_ppo/ppo_3d_final_u_wall.zip,2026-07-03T05:43:57,mtime
0,0.0,-7861.348117179425,2000,False,PPO,u_wall,mapa_grande,treino,base,e930abe4d992,results/models_7d/models_ppo/ppo_3d_final_u_wall.zip,2026-07-03T05:43:57,mtime
0,0.0,-4072.1104166224727,2000,False,PPO,u_wall,mapa_grande,treino,base,e930abe4d992,results/models_7d/models_ppo/ppo_3d_final_u_wall.zip,2026-07-03T05:43:57,mtime
0,0.0,-3533.3932470180603,2000,False,PPO,u_wall,mapa_grande,treino,base,e930abe4d992,results/models_7d/models_ppo/ppo_3d_final_u_wall.zip,2026-07-03T05:43:57,mtime
0,0.0,-4806.278384817364,2000,False,PPO,u_wall,mapa_grande,treino,base,e930abe4d992,results/models_7d/models_ppo/ppo_3d_final_u_wall.zip,2026-07-03T05:43:57,mtime
0,0.0,-4509.246927312299,2000,False,PPO,u_wall,mapa_grande,treino,base,e930abe4d992,results/models_7d/models_ppo/ppo_3d_final_u_wall.zip,2026-07-03T05:43:57,mtime
0,0.0,-6560.213233265451,2000,False,PPO,u_wall,mapa_grande,treino,base,e930abe4d992,results/models_7d/models_ppo/ppo_3d_final_u_wall.zip,2026-07-03T05:43:57,mtime
0,0.0,-3124.770332007915,2000,False,PPO,u_wall,mapa_grande,treino,base,e930abe4d992,results/models_7d/models_ppo/ppo_3d_final_u_wall.zip,2026-07-03T05:43:57,mtime
0,0.0,-4721.575008326495,2000,False,PPO,u_wall,mapa_grande,treino,base,e930abe4d992,results/models_7d/models_ppo/ppo_3d_final_u_wall.zip,2026-07-03T05:43:57,mtime
0,0.0,-7272.110813439021,2000,False,PPO,u_wall,mapa_grande,treino,base,e930abe4d992,results/models_7d/models_ppo/ppo_3d_final_u_wall.zip,2026-07-03T05:43:57,mtime
0,0.0,-1872.3001725239162,2000,False,PPO,u_wall,mapa_grande,treino,base,e930abe4d992,results/models_7d/models_ppo/ppo_3d_final_u_wall.zip,2026-07-03T05:43:57,mtime
0,0.0,-4636.410849898273,2000,False,PPO,u_wall,mapa_grande,treino,base,e930abe4d992,results/models_7d/models_ppo/ppo_3d_final_u_wall.zip,2026-07-03T05:43:57,mtime
0,0.0,-8368.253511784196,2000,False,PPO,u_wall,mapa_grande,treino,base,e930abe4d992,results/models_7d/models_ppo/ppo_3d_final_u_wall.zip,2026-07-03T05:43:57,mtime
0,0.0,-4080.3086271091306,2000,False,PPO,u_wall,mapa_grande,treino,base,e930abe4d992,results/models_7d/models_ppo/ppo_3d_final_u_wall.zip,2026-07-03T05:43:57,mtime
0,0.0,-4327.355588723239,2000,False,PPO,bottleneck,mapa_grande,treino,base,e930abe4d992,results/models_7d/models_ppo/ppo_3d_final_bottleneck.zip,2026-07-03T11:20:55,mtime
0,0.0,-3208.737871711412,2000,False,PPO,bottleneck,mapa_grande,treino,base,e930abe4d992,results/models_7d/models_ppo/ppo_3d_final_bottleneck.zip,2026-07-03T11:20:55,mtime
0,0.0,-4358.853334848138,2000,False,PPO,bottleneck,mapa_grande,treino,base,e930abe4d992,results/models_7d/models_ppo/ppo_3d_final_bottleneck.zip,2026-07-03T11:20:55,mtime
0,0.0,-5335.614412724687,2000,False,PPO,bottleneck,mapa_grande,treino,base,e930abe4d992,results/models_7d/models_ppo/ppo_3d_final_bottleneck.zip,2026-07-03T11:20:55,mtime
0,0.0,-4420.652082226648,2000,False,PPO,bottleneck,mapa_grande,treino,base,e930abe4d992,results/models_7d/models_ppo/ppo_3d_final_bottleneck.zip,2026-07-03T11:20:55,mtime
0,0.0,-1987.4459721398862,2000,False,PPO,bottleneck,mapa_grande,treino,base,e930abe4d992,results/models_7d/models_ppo/ppo_3d_final_bottleneck.zip,2026-07-03T11:20:55,mtime
0,0.0,-4659.455190478075,2000,False,PPO,bottleneck,mapa_grande,treino,base,e930abe4d992,results/models_7d/models_ppo/ppo_3d_final_bottleneck.zip,2026-07-03T11:20:55,mtime
0,0.0,-3962.2852378826706,2000,False,PPO,bottleneck,mapa_grande,treino,base,e930abe4d992,results/models_7d/models_ppo/ppo_3d_final_bottleneck.zip,2026-07-03T11:20:55,mtime
0,0.0,-4982.215562086027,2000,False,PPO,bottleneck,mapa_grande,treino,base,e930abe4d992,results/models_7d/models_ppo/ppo_3d_final_bottleneck.zip,2026-07-03T11:20:55,mtime
0,0.0,-1486.1412664471138,2000,False,PPO,bottleneck,mapa_grande,treino,base,e930abe4d992,results/models_7d/models_ppo/ppo_3d_final_bottleneck.zip,2026-07-03T11:20:55,mtime
0,0.0,-3936.4206889433076,2000,False,PPO,bottleneck,mapa_grande,treino,base,e930abe4d992,results/models_7d/models_ppo/ppo_3d_final_bottleneck.zip,2026-07-03T11:20:55,mtime
0,0.0,-2686.3701854366623,2000,False,PPO,bottleneck,mapa_grande,treino,base,e930abe4d992,results/models_7d/models_ppo/ppo_3d_final_bottleneck.zip,2026-07-03T11:20:55,mtime
0,0.0,-4247.673984930071,2000,False,PPO,bottleneck,mapa_grande,treino,base,e930abe4d992,results/models_7d/models_ppo/ppo_3d_final_bottleneck.zip,2026-07-03T11:20:55,mtime
0,0.0,-4400.743490720744,2000,False,PPO,bottleneck,mapa_grande,treino,base,e930abe4d992,results/models_7d/models_ppo/ppo_3d_final_bottleneck.zip,2026-07-03T11:20:55,mtime
0,0.0,-2730.116506510948,2000,False,PPO,bottleneck,mapa_grande,treino,base,e930abe4d992,results/models_7d/models_ppo/ppo_3d_final_bottleneck.zip,2026-07-03T11:20:55,mtime
0,0.0,-5922.137302697257,2000,False,PPO,bottleneck,mapa_grande,treino,base,e930abe4d992,results/models_7d/models_ppo/ppo_3d_final_bottleneck.zip,2026-07-03T11:20:55,mtime
0,0.0,-3446.4850300895237,2000,False,PPO,bottleneck,mapa_grande,treino,base,e930abe4d992,results/models_7d/models_ppo/ppo_3d_final_bottleneck.zip,2026-07-03T11:20:55,mtime
0,0.0,-2751.746573286242,2000,False,PPO,bottleneck,mapa_grande,treino,base,e930abe4d992,results/models_7d/models_ppo/ppo_3d_final_bottleneck.zip,2026-07-03T11:20:55,mtime
0,0.0,-5205.152671684678,2000,False,PPO,bottleneck,mapa_grande,treino,base,e930abe4d992,results/models_7d/models_ppo/ppo_3d_final_bottleneck.zip,2026-07-03T11:20:55,mtime
0,0.0,-4055.3084561632063,2000,False,PPO,bottleneck,mapa_grande,treino,base,e930abe4d992,results/models_7d/models_ppo/ppo_3d_final_bottleneck.zip,2026-07-03T11:20:55,mtime
0,0.0,-2641.2249175302713,2000,False,PPO,four_rooms,mapa_grande,treino,base,e930abe4d992,results/models_7d/models_ppo/ppo_3d_final_four_rooms.zip,2026-07-03T16:57:56,mtime
0,0.0,-2713.828946377829,2000,False,PPO,four_rooms,mapa_grande,treino,base,e930abe4d992,results/models_7d/models_ppo/ppo_3d_final_four_rooms.zip,2026-07-03T16:57:56,mtime
0,0.0,-4038.386801670272,2000,False,PPO,four_rooms,mapa_grande,treino,base,e930abe4d992,results/models_7d/models_ppo/ppo_3d_final_four_rooms.zip,2026-07-03T16:57:56,mtime
0,0.0,-1939.6972686082709,2000,False,PPO,four_rooms,mapa_grande,treino,base,e930abe4d992,results/models_7d/models_ppo/ppo_3d_final_four_rooms.zip,2026-07-03T16:57:56,mtime
0,0.0,-2642.1322322615106,2000,False,PPO,four_rooms,mapa_grande,treino,base,e930abe4d992,results/models_7d/models_ppo/ppo_3d_final_four_rooms.zip,2026-07-03T16:57:56,mtime
0,0.0,-3982.131210812471,2000,False,PPO,four_rooms,mapa_grande,treino,base,e930abe4d992,results/models_7d/models_ppo/ppo_3d_final_four_rooms.zip,2026-07-03T16:57:56,mtime
0,0.0,-2669.613784317048,2000,False,PPO,four_rooms,mapa_grande,treino,base,e930abe4d992,results/models_7d/models_ppo/ppo_3d_final_four_rooms.zip,2026-07-03T16:57:56,mtime
0,0.0,-4204.1063690121355,2000,False,PPO,four_rooms,mapa_grande,treino,base,e930abe4d992,results/models_7d/models_ppo/ppo_3d_final_four_rooms.zip,2026-07-03T16:57:56,mtime
0,0.0,-3655.201839169017,2000,False,PPO,four_rooms,mapa_grande,treino,base,e930abe4d992,results/models_7d/models_ppo/ppo_3d_final_four_rooms.zip,2026-07-03T16:57:56,mtime
0,0.0,-3670.049690057633,2000,False,PPO,four_rooms,mapa_grande,treino,base,e930abe4d992,results/models_7d/models_ppo/ppo_3d_final_four_rooms.zip,2026-07-03T16:57:56,mtime
0,0.0,-1777.5976220245761,2000,False,PPO,four_rooms,mapa_grande,treino,base,e930abe4d992,results/models_7d/models_ppo/ppo_3d_final_four_rooms.zip,2026-07-03T16:57:56,mtime
0,0.0,-4388.760979056725,2000,False,PPO,four_rooms,mapa_grande,treino,base,e930abe4d992,results/models_7d/models_ppo/ppo_3d_final_four_rooms.zip,2026-07-03T16:57:56,mtime
0,0.0,-2853.7784833436367,2000,False,PPO,four_rooms,mapa_grande,treino,base,e930abe4d992,results/models_7d/models_ppo/ppo_3d_final_four_rooms.zip,2026-07-03T16:57:56,mtime
0,0.0,-2844.4829466933916,2000,False,PPO,four_rooms,mapa_grande,treino,base,e930abe4d992,results/models_7d/models_ppo/ppo_3d_final_four_rooms.zip,2026-07-03T16:57:56,mtime
0,0.0,-1854.8242313219407,2000,False,PPO,four_rooms,mapa_grande,treino,base,e930abe4d992,results/models_7d/models_ppo/ppo_3d_final_four_rooms.zip,2026-07-03T16:57:56,mtime
0,0.0,-2855.3478604420766,2000,False,PPO,four_rooms,mapa_grande,treino,base,e930abe4d992,results/models_7d/models_ppo/ppo_3d_final_four_rooms.zip,2026-07-03T16:57:56,mtime
0,0.0,-1138.3573490366157,2000,False,PPO,four_rooms,mapa_grande,treino,base,e930abe4d992,results/models_7d/models_ppo/ppo_3d_final_four_rooms.zip,2026-07-03T16:57:56,mtime
0,0.0,-4987.972730138628,2000,False,PPO,four_rooms,mapa_grande,treino,base,e930abe4d992,results/models_7d/models_ppo/ppo_3d_final_four_rooms.zip,2026-07-03T16:57:56,mtime
0,0.0,-6624.937389099173,2000,False,PPO,four_rooms,mapa_grande,treino,base,e930abe4d992,results/models_7d/models_ppo/ppo_3d_final_four_rooms.zip,2026-07-03T16:57:56,mtime
0,0.0,-3276.8086290840984,2000,False,PPO,four_rooms,mapa_grande,treino,base,e930abe4d992,results/models_7d/models_ppo/ppo_3d_final_four_rooms.zip,2026-07-03T16:57:56,mtime
0,0.0,-2631.655607456115,2000,False,PPO,cooperative_door,mapa_grande,treino,base,e930abe4d992,results/models_7d/models_ppo/ppo_3d_final_cooperative_door.zip,2026-07-03T22:34:55,mtime
0,0.0,-1388.3322398040646,2000,False,PPO,cooperative_door,mapa_grande,treino,base,e930abe4d992,results/models_7d/models_ppo/ppo_3d_final_cooperative_door.zip,2026-07-03T22:34:55,mtime
0,0.0,-2335.110931548447,2000,False,PPO,cooperative_door,mapa_grande,treino,base,e930abe4d992,results/models_7d/models_ppo/ppo_3d_final_cooperative_door.zip,2026-07-03T22:34:55,mtime
0,0.0,-7852.930468135295,2000,False,PPO,cooperative_door,mapa_grande,treino,base,e930abe4d992,results/models_7d/models_ppo/ppo_3d_final_cooperative_door.zip,2026-07-03T22:34:55,mtime
0,0.0,-1179.8521349017687,2000,False,PPO,cooperative_door,mapa_grande,treino,base,e930abe4d992,results/models_7d/models_ppo/ppo_3d_final_cooperative_door.zip,2026-07-03T22:34:55,mtime
0,0.0,-104.92473272765625,2000,False,PPO,cooperative_door,mapa_grande,treino,base,e930abe4d992,results/models_7d/models_ppo/ppo_3d_final_cooperative_door.zip,2026-07-03T22:34:55,mtime
0,0.0,-713.945849868952,2000,False,PPO,cooperative_door,mapa_grande,treino,base,e930abe4d992,results/models_7d/models_ppo/ppo_3d_final_cooperative_door.zip,2026-07-03T22:34:55,mtime
0,0.0,-4275.233550905735,2000,False,PPO,cooperative_door,mapa_grande,treino,base,e930abe4d992,results/models_7d/models_ppo/ppo_3d_final_cooperative_door.zip,2026-07-03T22:34:55,mtime
0,0.0,-6205.385943553038,2000,False,PPO,cooperative_door,mapa_grande,treino,base,e930abe4d992,results/models_7d/models_ppo/ppo_3d_final_cooperative_door.zip,2026-07-03T22:34:55,mtime
0,0.0,-699.3973755281993,2000,False,PPO,cooperative_door,mapa_grande,treino,base,e930abe4d992,results/models_7d/models_ppo/ppo_3d_final_cooperative_door.zip,2026-07-03T22:34:55,mtime
0,0.0,-1955.1776045180952,2000,False,PPO,cooperative_door,mapa_grande,treino,base,e930abe4d992,results/models_7d/models_ppo/ppo_3d_final_cooperative_door.zip,2026-07-03T22:34:55,mtime
0,0.0,-88.21481921156284,2000,False,PPO,cooperative_door,mapa_grande,treino,base,e930abe4d992,results/models_7d/models_ppo/ppo_3d_final_cooperative_door.zip,2026-07-03T22:34:55,mtime
0,0.0,-4336.8373054647955,2000,False,PPO,cooperative_door,mapa_grande,treino,base,e930abe4d992,results/models_7d/models_ppo/ppo_3d_final_cooperative_door.zip,2026-07-03T22:34:55,mtime
0,0.0,-734.0429440166971,2000,False,PPO,cooperative_door,mapa_grande,treino,base,e930abe4d992,results/models_7d/models_ppo/ppo_3d_final_cooperative_door.zip,2026-07-03T22:34:55,mtime
0,0.0,-382.9101294721172,2000,False,PPO,cooperative_door,mapa_grande,treino,base,e930abe4d992,results/models_7d/models_ppo/ppo_3d_final_cooperative_door.zip,2026-07-03T22:34:55,mtime
0,0.0,-5235.464245703585,2000,False,PPO,cooperative_door,mapa_grande,treino,base,e930abe4d992,results/models_7d/models_ppo/ppo_3d_final_cooperative_door.zip,2026-07-03T22:34:55,mtime
0,0.0,-974.5759836432426,2000,False,PPO,cooperative_door,mapa_grande,treino,base,e930abe4d992,results/models_7d/models_ppo/ppo_3d_final_cooperative_door.zip,2026-07-03T22:34:55,mtime
0,0.0,-2878.9355266026855,2000,False,PPO,cooperative_door,mapa_grande,treino,base,e930abe4d992,results/models_7d/models_ppo/ppo_3d_final_cooperative_door.zip,2026-07-03T22:34:55,mtime
0,0.0,-3035.9324147688544,2000,False,PPO,cooperative_door,mapa_grande,treino,base,e930abe4d992,results/models_7d/models_ppo/ppo_3d_final_cooperative_door.zip,2026-07-03T22:34:55,mtime
0,0.0,-3263.4465131722613,2000,False,PPO,cooperative_door,mapa_grande,treino,base,e930abe4d992,results/models_7d/models_ppo/ppo_3d_final_cooperative_door.zip,2026-07-03T22:34:55,mtime
0,0.0,-11957.949328114633,2000,False,PPO,cooperative_perception,mapa_grande,treino,base,e930abe4d992,results/models_7d/models_ppo/ppo_3d_final_cooperative_perception.zip,2026-07-04T04:11:58,mtime
0,0.0,-12461.128580178356,2000,False,PPO,cooperative_perception,mapa_grande,treino,base,e930abe4d992,results/models_7d/models_ppo/ppo_3d_final_cooperative_perception.zip,2026-07-04T04:11:58,mtime
0,0.0,-12660.963544298296,2000,False,PPO,cooperative_perception,mapa_grande,treino,base,e930abe4d992,results/models_7d/models_ppo/ppo_3d_final_cooperative_perception.zip,2026-07-04T04:11:58,mtime
0,0.0,-10792.878269971183,2000,False,PPO,cooperative_perception,mapa_grande,treino,base,e930abe4d992,results/models_7d/models_ppo/ppo_3d_final_cooperative_perception.zip,2026-07-04T04:11:58,mtime
0,0.0,-12283.282797186605,2000,False,PPO,cooperative_perception,mapa_grande,treino,base,e930abe4d992,results/models_7d/models_ppo/ppo_3d_final_cooperative_perception.zip,2026-07-04T04:11:58,mtime
0,0.0,-11579.279092006414,2000,False,PPO,cooperative_perception,mapa_grande,treino,base,e930abe4d992,results/models_7d/models_ppo/ppo_3d_final_cooperative_perception.zip,2026-07-04T04:11:58,mtime
0,0.0,-12485.458210069603,2000,False,PPO,cooperative_perception,mapa_grande,treino,base,e930abe4d992,results/models_7d/models_ppo/ppo_3d_final_cooperative_perception.zip,2026-07-04T04:11:58,mtime
0,0.0,-13165.088665357891,2000,False,PPO,cooperative_perception,mapa_grande,treino,base,e930abe4d992,results/models_7d/models_ppo/ppo_3d_final_cooperative_perception.zip,2026-07-04T04:11:58,mtime
0,0.0,-11229.485979907005,2000,False,PPO,cooperative_perception,mapa_grande,treino,base,e930abe4d992,results/models_7d/models_ppo/ppo_3d_final_cooperative_perception.zip,2026-07-04T04:11:58,mtime
0,0.0,-12234.379707120637,2000,False,PPO,cooperative_perception,mapa_grande,treino,base,e930abe4d992,results/models_7d/models_ppo/ppo_3d_final_cooperative_perception.zip,2026-07-04T04:11:58,mtime
0,0.0,-12967.196258681584,2000,False,PPO,cooperative_perception,mapa_grande,treino,base,e930abe4d992,results/models_7d/models_ppo/ppo_3d_final_cooperative_perception.zip,2026-07-04T04:11:58,mtime
0,0.0,-10267.900992029112,2000,False,PPO,cooperative_perception,mapa_grande,treino,base,e930abe4d992,results/models_7d/models_ppo/ppo_3d_final_cooperative_perception.zip,2026-07-04T04:11:58,mtime
0,0.0,-10052.504173415442,2000,False,PPO,cooperative_perception,mapa_grande,treino,base,e930abe4d992,results/models_7d/models_ppo/ppo_3d_final_cooperative_perception.zip,2026-07-04T04:11:58,mtime
0,0.0,-12455.255029877804,2000,False,PPO,cooperative_perception,mapa_grande,treino,base,e930abe4d992,results/models_7d/models_ppo/ppo_3d_final_cooperative_perception.zip,2026-07-04T04:11:58,mtime
0,0.0,-12178.230931876335,2000,False,PPO,cooperative_perception,mapa_grande,treino,base,e930abe4d992,results/models_7d/models_ppo/ppo_3d_final_cooperative_perception.zip,2026-07-04T04:11:58,mtime
0,0.0,-12403.815970899372,2000,False,PPO,cooperative_perception,mapa_grande,treino,base,e930abe4d992,results/models_7d/models_ppo/ppo_3d_final_cooperative_perception.zip,2026-07-04T04:11:58,mtime
0,0.0,-13001.093157119085,2000,False,PPO,cooperative_perception,mapa_grande,treino,base,e930abe4d992,results/models_7d/models_ppo/ppo_3d_final_cooperative_perception.zip,2026-07-04T04:11:58,mtime
0,0.0,-12446.766571535263,2000,False,PPO,cooperative_perception,mapa_grande,treino,base,e930abe4d992,results/models_7d/models_ppo/ppo_3d_final_cooperative_perception.zip,2026-07-04T04:11:58,mtime
0,0.0,-11020.101728679861,2000,False,PPO,cooperative_perception,mapa_grande,treino,base,e930abe4d992,results/models_7d/models_ppo/ppo_3d_final_cooperative_perception.zip,2026-07-04T04:11:58,mtime
0,0.0,-13005.689081350365,2000,False,PPO,cooperative_perception,mapa_grande,treino,base,e930abe4d992,results/models_7d/models_ppo/ppo_3d_final_cooperative_perception.zip,2026-07-04T04:11:58,mtime
0,0.0,-5878.489939605349,2000,False,PPO,cooperative_door_bypass,mapa_grande,treino,base,e930abe4d992,results/models_7d/models_ppo/ppo_3d_final_cooperative_door_bypass.zip,2026-07-04T09:49:09,mtime
0,0.0,-2680.433281635779,2000,False,PPO,cooperative_door_bypass,mapa_grande,treino,base,e930abe4d992,results/models_7d/models_ppo/ppo_3d_final_cooperative_door_bypass.zip,2026-07-04T09:49:09,mtime
0,0.0,-7670.427123043188,2000,False,PPO,cooperative_door_bypass,mapa_grande,treino,base,e930abe4d992,results/models_7d/models_ppo/ppo_3d_final_cooperative_door_bypass.zip,2026-07-04T09:49:09,mtime
0,0.0,-2280.85587345401,2000,False,PPO,cooperative_door_bypass,mapa_grande,treino,base,e930abe4d992,results/models_7d/models_ppo/ppo_3d_final_cooperative_door_bypass.zip,2026-07-04T09:49:09,mtime
0,0.0,1409.4624654465995,2000,False,PPO,cooperative_door_bypass,mapa_grande,treino,base,e930abe4d992,results/models_7d/models_ppo/ppo_3d_final_cooperative_door_bypass.zip,2026-07-04T09:49:09,mtime
0,0.0,-1216.1086416152425,2000,False,PPO,cooperative_door_bypass,mapa_grande,treino,base,e930abe4d992,results/models_7d/models_ppo/ppo_3d_final_cooperative_door_bypass.zip,2026-07-04T09:49:09,mtime
0,0.0,-2865.8572285882924,2000,False,PPO,cooperative_door_bypass,mapa_grande,treino,base,e930abe4d992,results/models_7d/models_ppo/ppo_3d_final_cooperative_door_bypass.zip,2026-07-04T09:49:09,mtime
0,0.0,-4516.726782913189,2000,False,PPO,cooperative_door_bypass,mapa_grande,treino,base,e930abe4d992,results/models_7d/models_ppo/ppo_3d_final_cooperative_door_bypass.zip,2026-07-04T09:49:09,mtime
0,0.0,-2196.424994117802,2000,False,PPO,cooperative_door_bypass,mapa_grande,treino,base,e930abe4d992,results/models_7d/models_ppo/ppo_3d_final_cooperative_door_bypass.zip,2026-07-04T09:49:09,mtime
0,0.0,-6147.2970370263965,2000,False,PPO,cooperative_door_bypass,mapa_grande,treino,base,e930abe4d992,results/models_7d/models_ppo/ppo_3d_final_cooperative_door_bypass.zip,2026-07-04T09:49:09,mtime
0,0.0,-3654.8976708633863,2000,False,PPO,cooperative_door_bypass,mapa_grande,treino,base,e930abe4d992,results/models_7d/models_ppo/ppo_3d_final_cooperative_door_bypass.zip,2026-07-04T09:49:09,mtime
0,0.0,-2309.9363525116732,2000,False,PPO,cooperative_door_bypass,mapa_grande,treino,base,e930abe4d992,results/models_7d/models_ppo/ppo_3d_final_cooperative_door_bypass.zip,2026-07-04T09:49:09,mtime
0,0.0,-4258.354634702858,2000,False,PPO,cooperative_door_bypass,mapa_grande,treino,base,e930abe4d992,results/models_7d/models_ppo/ppo_3d_final_cooperative_door_bypass.zip,2026-07-04T09:49:09,mtime
0,0.0,-1130.704267108858,2000,False,PPO,cooperative_door_bypass,mapa_grande,treino,base,e930abe4d992,results/models_7d/models_ppo/ppo_3d_final_cooperative_door_bypass.zip,2026-07-04T09:49:09,mtime
0,0.0,-3697.677050299212,2000,False,PPO,cooperative_door_bypass,mapa_grande,treino,base,e930abe4d992,results/models_7d/models_ppo/ppo_3d_final_cooperative_door_bypass.zip,2026-07-04T09:49:09,mtime
0,0.0,-2068.3404310344986,2000,False,PPO,cooperative_door_bypass,mapa_grande,treino,base,e930abe4d992,results/models_7d/models_ppo/ppo_3d_final_cooperative_door_bypass.zip,2026-07-04T09:49:09,mtime
0,0.0,-7376.486051525868,2000,False,PPO,cooperative_door_bypass,mapa_grande,treino,base,e930abe4d992,results/models_7d/models_ppo/ppo_3d_final_cooperative_door_bypass.zip,2026-07-04T09:49:09,mtime
0,0.0,-3920.412706488758,2000,False,PPO,cooperative_door_bypass,mapa_grande,treino,base,e930abe4d992,results/models_7d/models_ppo/ppo_3d_final_cooperative_door_bypass.zip,2026-07-04T09:49:09,mtime
0,0.0,-3986.564019169441,2000,False,PPO,cooperative_door_bypass,mapa_grande,treino,base,e930abe4d992,results/models_7d/models_ppo/ppo_3d_final_cooperative_door_bypass.zip,2026-07-04T09:49:09,mtime
0,0.0,-5678.448835649612,2000,False,PPO,cooperative_door_bypass,mapa_grande,treino,base,e930abe4d992,results/models_7d/models_ppo/ppo_3d_final_cooperative_door_bypass.zip,2026-07-04T09:49:09,mtime
0,0.0,-1218.1316838571831,2000,False,SAC,none,mapa_grande,treino,base,e930abe4d992,results/models_7d/models_sac/sac_3d_final.zip,2026-07-04T21:50:20,mtime
0,0.0,-4447.025289197872,2000,False,SAC,none,mapa_grande,treino,base,e930abe4d992,results/models_7d/models_sac/sac_3d_final.zip,2026-07-04T21:50:20,mtime
0,0.0,-10808.742001866469,2000,False,SAC,none,mapa_grande,treino,base,e930abe4d992,results/models_7d/models_sac/sac_3d_final.zip,2026-07-04T21:50:20,mtime
0,0.0,-7094.478757014515,2000,False,SAC,none,mapa_grande,treino,base,e930abe4d992,results/models_7d/models_sac/sac_3d_final.zip,2026-07-04T21:50:20,mtime
0,0.0,-6161.237993977768,2000,False,SAC,none,mapa_grande,treino,base,e930abe4d992,results/models_7d/models_sac/sac_3d_final.zip,2026-07-04T21:50:20,mtime
0,0.0,-8316.218947880767,2000,False,SAC,none,mapa_grande,treino,base,e930abe4d992,results/models_7d/models_sac/sac_3d_final.zip,2026-07-04T21:50:20,mtime
0,0.0,-6891.678941482324,2000,False,SAC,none,mapa_grande,treino,base,e930abe4d992,results/models_7d/models_sac/sac_3d_final.zip,2026-07-04T21:50:20,mtime
0,0.0,-751.4294548577172,2000,False,SAC,none,mapa_grande,treino,base,e930abe4d992,results/models_7d/models_sac/sac_3d_final.zip,2026-07-04T21:50:20,mtime
0,0.0,-5999.093197550595,2000,False,SAC,none,mapa_grande,treino,base,e930abe4d992,results/models_7d/models_sac/sac_3d_final.zip,2026-07-04T21:50:20,mtime
0,0.0,-1215.5260607606465,2000,False,SAC,none,mapa_grande,treino,base,e930abe4d992,results/models_7d/models_sac/sac_3d_final.zip,2026-07-04T21:50:20,mtime
0,0.0,-6377.0919140588,2000,False,SAC,none,mapa_grande,treino,base,e930abe4d992,results/models_7d/models_sac/sac_3d_final.zip,2026-07-04T21:50:20,mtime
0,0.0,-6170.261919625101,2000,False,SAC,none,mapa_grande,treino,base,e930abe4d992,results/models_7d/models_sac/sac_3d_final.zip,2026-07-04T21:50:20,mtime
0,0.0,-1070.8121279009817,2000,False,SAC,none,mapa_grande,treino,base,e930abe4d992,results/models_7d/models_sac/sac_3d_final.zip,2026-07-04T21:50:20,mtime
0,0.0,-1185.6498705274057,2000,False,SAC,none,mapa_grande,treino,base,e930abe4d992,results/models_7d/models_sac/sac_3d_final.zip,2026-07-04T21:50:20,mtime
0,0.0,-1436.776392768793,2000,False,SAC,none,mapa_grande,treino,base,e930abe4d992,results/models_7d/models_sac/sac_3d_final.zip,2026-07-04T21:50:20,mtime
0,0.0,-1310.7224356491356,2000,False,SAC,none,mapa_grande,treino,base,e930abe4d992,results/models_7d/models_sac/sac_3d_final.zip,2026-07-04T21:50:20,mtime
0,0.0,2796.213166954421,2000,False,SAC,none,mapa_grande,treino,base,e930abe4d992,results/models_7d/models_sac/sac_3d_final.zip,2026-07-04T21:50:20,mtime
0,0.0,767.9830278298824,2000,False,SAC,none,mapa_grande,treino,base,e930abe4d992,results/models_7d/models_sac/sac_3d_final.zip,2026-07-04T21:50:20,mtime
0,0.0,-10070.29138505959,2000,False,SAC,none,mapa_grande,treino,base,e930abe4d992,results/models_7d/models_sac/sac_3d_final.zip,2026-07-04T21:50:20,mtime
0,0.0,-7524.860262937123,2000,False,SAC,none,mapa_grande,treino,base,e930abe4d992,results/models_7d/models_sac/sac_3d_final.zip,2026-07-04T21:50:20,mtime
0,0.0,-4399.109724401496,2000,False,SAC,u_wall,mapa_grande,treino,base,e930abe4d992,results/models_7d/models_sac/sac_3d_final_u_wall.zip,2026-07-05T03:27:18,mtime
0,0.0,-4183.452408671316,2000,False,SAC,u_wall,mapa_grande,treino,base,e930abe4d992,results/models_7d/models_sac/sac_3d_final_u_wall.zip,2026-07-05T03:27:18,mtime
0,0.0,-4314.63716960431,2000,False,SAC,u_wall,mapa_grande,treino,base,e930abe4d992,results/models_7d/models_sac/sac_3d_final_u_wall.zip,2026-07-05T03:27:18,mtime
0,0.0,-4485.325481358894,2000,False,SAC,u_wall,mapa_grande,treino,base,e930abe4d992,results/models_7d/models_sac/sac_3d_final_u_wall.zip,2026-07-05T03:27:18,mtime
0,0.0,-3928.24386617641,2000,False,SAC,u_wall,mapa_grande,treino,base,e930abe4d992,results/models_7d/models_sac/sac_3d_final_u_wall.zip,2026-07-05T03:27:18,mtime
0,0.0,-3694.203635436026,2000,False,SAC,u_wall,mapa_grande,treino,base,e930abe4d992,results/models_7d/models_sac/sac_3d_final_u_wall.zip,2026-07-05T03:27:18,mtime
0,0.0,-4454.665453154073,2000,False,SAC,u_wall,mapa_grande,treino,base,e930abe4d992,results/models_7d/models_sac/sac_3d_final_u_wall.zip,2026-07-05T03:27:18,mtime
0,0.0,-4351.856910659151,2000,False,SAC,u_wall,mapa_grande,treino,base,e930abe4d992,results/models_7d/models_sac/sac_3d_final_u_wall.zip,2026-07-05T03:27:18,mtime
0,0.0,-4601.4221054996715,2000,False,SAC,u_wall,mapa_grande,treino,base,e930abe4d992,results/models_7d/models_sac/sac_3d_final_u_wall.zip,2026-07-05T03:27:18,mtime
0,0.0,-4290.1452224137165,2000,False,SAC,u_wall,mapa_grande,treino,base,e930abe4d992,results/models_7d/models_sac/sac_3d_final_u_wall.zip,2026-07-05T03:27:18,mtime
0,0.0,-4257.1133034279255,2000,False,SAC,u_wall,mapa_grande,treino,base,e930abe4d992,results/models_7d/models_sac/sac_3d_final_u_wall.zip,2026-07-05T03:27:18,mtime
0,0.0,-4739.127052265927,2000,False,SAC,u_wall,mapa_grande,treino,base,e930abe4d992,results/models_7d/models_sac/sac_3d_final_u_wall.zip,2026-07-05T03:27:18,mtime
0,0.0,-4471.47197539543,2000,False,SAC,u_wall,mapa_grande,treino,base,e930abe4d992,results/models_7d/models_sac/sac_3d_final_u_wall.zip,2026-07-05T03:27:18,mtime
0,0.0,-4112.957805415742,2000,False,SAC,u_wall,mapa_grande,treino,base,e930abe4d992,results/models_7d/models_sac/sac_3d_final_u_wall.zip,2026-07-05T03:27:18,mtime
0,0.0,-4421.242538143928,2000,False,SAC,u_wall,mapa_grande,treino,base,e930abe4d992,results/models_7d/models_sac/sac_3d_final_u_wall.zip,2026-07-05T03:27:18,mtime
0,0.0,-5284.576274847728,2000,False,SAC,u_wall,mapa_grande,treino,base,e930abe4d992,results/models_7d/models_sac/sac_3d_final_u_wall.zip,2026-07-05T03:27:18,mtime
0,0.0,-3655.165655689604,2000,False,SAC,u_wall,mapa_grande,treino,base,e930abe4d992,results/models_7d/models_sac/sac_3d_final_u_wall.zip,2026-07-05T03:27:18,mtime
0,0.0,-4908.759594928954,2000,False,SAC,u_wall,mapa_grande,treino,base,e930abe4d992,results/models_7d/models_sac/sac_3d_final_u_wall.zip,2026-07-05T03:27:18,mtime
0,0.0,-3977.561615182511,2000,False,SAC,u_wall,mapa_grande,treino,base,e930abe4d992,results/models_7d/models_sac/sac_3d_final_u_wall.zip,2026-07-05T03:27:18,mtime
0,0.0,-4330.377602880219,2000,False,SAC,u_wall,mapa_grande,treino,base,e930abe4d992,results/models_7d/models_sac/sac_3d_final_u_wall.zip,2026-07-05T03:27:18,mtime
0,0.0,-355.2260889653157,2000,False,SAC,bottleneck,mapa_grande,treino,base,e930abe4d992,results/models_7d/models_sac/sac_3d_final_bottleneck.zip,2026-07-05T09:04:17,mtime
0,0.0,-40.75463146029442,2000,False,SAC,bottleneck,mapa_grande,treino,base,e930abe4d992,results/models_7d/models_sac/sac_3d_final_bottleneck.zip,2026-07-05T09:04:17,mtime
0,0.0,212.92692731268988,2000,False,SAC,bottleneck,mapa_grande,treino,base,e930abe4d992,results/models_7d/models_sac/sac_3d_final_bottleneck.zip,2026-07-05T09:04:17,mtime
0,0.0,-151.94499167321504,2000,False,SAC,bottleneck,mapa_grande,treino,base,e930abe4d992,results/models_7d/models_sac/sac_3d_final_bottleneck.zip,2026-07-05T09:04:17,mtime
0,0.0,-1480.5442994522632,2000,False,SAC,bottleneck,mapa_grande,treino,base,e930abe4d992,results/models_7d/models_sac/sac_3d_final_bottleneck.zip,2026-07-05T09:04:17,mtime
0,0.0,-307.8962184379322,2000,False,SAC,bottleneck,mapa_grande,treino,base,e930abe4d992,results/models_7d/models_sac/sac_3d_final_bottleneck.zip,2026-07-05T09:04:17,mtime
0,0.0,-381.304530192524,2000,False,SAC,bottleneck,mapa_grande,treino,base,e930abe4d992,results/models_7d/models_sac/sac_3d_final_bottleneck.zip,2026-07-05T09:04:17,mtime
0,0.0,-462.98764773814776,2000,False,SAC,bottleneck,mapa_grande,treino,base,e930abe4d992,results/models_7d/models_sac/sac_3d_final_bottleneck.zip,2026-07-05T09:04:17,mtime
0,0.0,-797.3710242291254,2000,False,SAC,bottleneck,mapa_grande,treino,base,e930abe4d992,results/models_7d/models_sac/sac_3d_final_bottleneck.zip,2026-07-05T09:04:17,mtime
0,0.0,-99.13350596331237,2000,False,SAC,bottleneck,mapa_grande,treino,base,e930abe4d992,results/models_7d/models_sac/sac_3d_final_bottleneck.zip,2026-07-05T09:04:17,mtime
0,0.0,-238.99913344809758,2000,False,SAC,bottleneck,mapa_grande,treino,base,e930abe4d992,results/models_7d/models_sac/sac_3d_final_bottleneck.zip,2026-07-05T09:04:17,mtime
0,0.0,-146.15486220061428,2000,False,SAC,bottleneck,mapa_grande,treino,base,e930abe4d992,results/models_7d/models_sac/sac_3d_final_bottleneck.zip,2026-07-05T09:04:17,mtime
0,0.0,-551.4705909531496,2000,False,SAC,bottleneck,mapa_grande,treino,base,e930abe4d992,results/models_7d/models_sac/sac_3d_final_bottleneck.zip,2026-07-05T09:04:17,mtime
0,0.0,126.93189078108776,2000,False,SAC,bottleneck,mapa_grande,treino,base,e930abe4d992,results/models_7d/models_sac/sac_3d_final_bottleneck.zip,2026-07-05T09:04:17,mtime
0,0.0,-55.3247327280414,2000,False,SAC,bottleneck,mapa_grande,treino,base,e930abe4d992,results/models_7d/models_sac/sac_3d_final_bottleneck.zip,2026-07-05T09:04:17,mtime
0,0.0,-1031.0584694318256,2000,False,SAC,bottleneck,mapa_grande,treino,base,e930abe4d992,results/models_7d/models_sac/sac_3d_final_bottleneck.zip,2026-07-05T09:04:17,mtime
0,0.0,-271.122943214826,2000,False,SAC,bottleneck,mapa_grande,treino,base,e930abe4d992,results/models_7d/models_sac/sac_3d_final_bottleneck.zip,2026-07-05T09:04:17,mtime
0,0.0,-728.4507934886858,2000,False,SAC,bottleneck,mapa_grande,treino,base,e930abe4d992,results/models_7d/models_sac/sac_3d_final_bottleneck.zip,2026-07-05T09:04:17,mtime
0,0.0,-207.78453019249213,2000,False,SAC,bottleneck,mapa_grande,treino,base,e930abe4d992,results/models_7d/models_sac/sac_3d_final_bottleneck.zip,2026-07-05T09:04:17,mtime
0,0.0,-433.9359876975843,2000,False,SAC,bottleneck,mapa_grande,treino,base,e930abe4d992,results/models_7d/models_sac/sac_3d_final_bottleneck.zip,2026-07-05T09:04:17,mtime
0,0.0,-2227.561821197267,2000,False,SAC,four_rooms,mapa_grande,treino,base,e930abe4d992,results/models_7d/models_sac/sac_3d_final_four_rooms.zip,2026-07-05T14:41:12,mtime
0,0.0,-3082.5346330938883,2000,False,SAC,four_rooms,mapa_grande,treino,base,e930abe4d992,results/models_7d/models_sac/sac_3d_final_four_rooms.zip,2026-07-05T14:41:12,mtime
0,0.0,-3793.823252108559,2000,False,SAC,four_rooms,mapa_grande,treino,base,e930abe4d992,results/models_7d/models_sac/sac_3d_final_four_rooms.zip,2026-07-05T14:41:12,mtime
0,0.0,-3453.9804224405907,2000,False,SAC,four_rooms,mapa_grande,treino,base,e930abe4d992,results/models_7d/models_sac/sac_3d_final_four_rooms.zip,2026-07-05T14:41:12,mtime
0,0.0,-3413.348465560455,2000,False,SAC,four_rooms,mapa_grande,treino,base,e930abe4d992,results/models_7d/models_sac/sac_3d_final_four_rooms.zip,2026-07-05T14:41:12,mtime
0,0.0,-3765.028909272104,2000,False,SAC,four_rooms,mapa_grande,treino,base,e930abe4d992,results/models_7d/models_sac/sac_3d_final_four_rooms.zip,2026-07-05T14:41:12,mtime
0,0.0,-5473.941724026704,2000,False,SAC,four_rooms,mapa_grande,treino,base,e930abe4d992,results/models_7d/models_sac/sac_3d_final_four_rooms.zip,2026-07-05T14:41:12,mtime
0,0.0,-5076.508247726408,2000,False,SAC,four_rooms,mapa_grande,treino,base,e930abe4d992,results/models_7d/models_sac/sac_3d_final_four_rooms.zip,2026-07-05T14:41:12,mtime
0,0.0,-5118.547973062558,2000,False,SAC,four_rooms,mapa_grande,treino,base,e930abe4d992,results/models_7d/models_sac/sac_3d_final_four_rooms.zip,2026-07-05T14:41:12,mtime
0,0.0,-6659.90120513784,2000,False,SAC,four_rooms,mapa_grande,treino,base,e930abe4d992,results/models_7d/models_sac/sac_3d_final_four_rooms.zip,2026-07-05T14:41:12,mtime
0,0.0,-2003.9141777819027,2000,False,SAC,four_rooms,mapa_grande,treino,base,e930abe4d992,results/models_7d/models_sac/sac_3d_final_four_rooms.zip,2026-07-05T14:41:12,mtime
0,0.0,-6945.919751399597,2000,False,SAC,four_rooms,mapa_grande,treino,base,e930abe4d992,results/models_7d/models_sac/sac_3d_final_four_rooms.zip,2026-07-05T14:41:12,mtime
0,0.0,-4938.9010180434225,2000,False,SAC,four_rooms,mapa_grande,treino,base,e930abe4d992,results/models_7d/models_sac/sac_3d_final_four_rooms.zip,2026-07-05T14:41:12,mtime
0,0.0,-4867.559642186213,2000,False,SAC,four_rooms,mapa_grande,treino,base,e930abe4d992,results/models_7d/models_sac/sac_3d_final_four_rooms.zip,2026-07-05T14:41:12,mtime
0,0.0,-4569.72539876522,2000,False,SAC,four_rooms,mapa_grande,treino,base,e930abe4d992,results/models_7d/models_sac/sac_3d_final_four_rooms.zip,2026-07-05T14:41:12,mtime
0,0.0,-6279.265462178208,2000,False,SAC,four_rooms,mapa_grande,treino,base,e930abe4d992,results/models_7d/models_sac/sac_3d_final_four_rooms.zip,2026-07-05T14:41:12,mtime
0,0.0,-3872.6433048030294,2000,False,SAC,four_rooms,mapa_grande,treino,base,e930abe4d992,results/models_7d/models_sac/sac_3d_final_four_rooms.zip,2026-07-05T14:41:12,mtime
0,0.0,-5926.532486866838,2000,False,SAC,four_rooms,mapa_grande,treino,base,e930abe4d992,results/models_7d/models_sac/sac_3d_final_four_rooms.zip,2026-07-05T14:41:12,mtime
0,0.0,-1237.901231795298,2000,False,SAC,four_rooms,mapa_grande,treino,base,e930abe4d992,results/models_7d/models_sac/sac_3d_final_four_rooms.zip,2026-07-05T14:41:12,mtime
0,0.0,-4624.257570014497,2000,False,SAC,four_rooms,mapa_grande,treino,base,e930abe4d992,results/models_7d/models_sac/sac_3d_final_four_rooms.zip,2026-07-05T14:41:12,mtime
0,0.0,-812.7292617592623,2000,False,SAC,cooperative_door,mapa_grande,treino,base,e930abe4d992,results/models_7d/models_sac/sac_3d_final_cooperative_door.zip,2026-07-05T20:18:07,mtime
0,0.0,-2406.1813050761903,2000,False,SAC,cooperative_door,mapa_grande,treino,base,e930abe4d992,results/models_7d/models_sac/sac_3d_final_cooperative_door.zip,2026-07-05T20:18:07,mtime
0,0.0,-3151.19681050744,2000,False,SAC,cooperative_door,mapa_grande,treino,base,e930abe4d992,results/models_7d/models_sac/sac_3d_final_cooperative_door.zip,2026-07-05T20:18:07,mtime
0,0.0,-1939.228992342036,2000,False,SAC,cooperative_door,mapa_grande,treino,base,e930abe4d992,results/models_7d/models_sac/sac_3d_final_cooperative_door.zip,2026-07-05T20:18:07,mtime
0,0.0,-294.7246581153763,2000,False,SAC,cooperative_door,mapa_grande,treino,base,e930abe4d992,results/models_7d/models_sac/sac_3d_final_cooperative_door.zip,2026-07-05T20:18:07,mtime
0,0.0,-3727.878593801174,2000,False,SAC,cooperative_door,mapa_grande,treino,base,e930abe4d992,results/models_7d/models_sac/sac_3d_final_cooperative_door.zip,2026-07-05T20:18:07,mtime
0,0.0,-1399.5809560109265,2000,False,SAC,cooperative_door,mapa_grande,treino,base,e930abe4d992,results/models_7d/models_sac/sac_3d_final_cooperative_door.zip,2026-07-05T20:18:07,mtime
0,0.0,-5596.08717039334,2000,False,SAC,cooperative_door,mapa_grande,treino,base,e930abe4d992,results/models_7d/models_sac/sac_3d_final_cooperative_door.zip,2026-07-05T20:18:07,mtime
0,0.0,-4.808326270639554,2000,False,SAC,cooperative_door,mapa_grande,treino,base,e930abe4d992,results/models_7d/models_sac/sac_3d_final_cooperative_door.zip,2026-07-05T20:18:07,mtime
0,0.0,-2880.387497473061,2000,False,SAC,cooperative_door,mapa_grande,treino,base,e930abe4d992,results/models_7d/models_sac/sac_3d_final_cooperative_door.zip,2026-07-05T20:18:07,mtime
0,0.0,-2192.1994720637854,2000,False,SAC,cooperative_door,mapa_grande,treino,base,e930abe4d992,results/models_7d/models_sac/sac_3d_final_cooperative_door.zip,2026-07-05T20:18:07,mtime
0,0.0,-283.76079608934623,2000,False,SAC,cooperative_door,mapa_grande,treino,base,e930abe4d992,results/models_7d/models_sac/sac_3d_final_cooperative_door.zip,2026-07-05T20:18:07,mtime
0,0.0,-2261.609579087668,2000,False,SAC,cooperative_door,mapa_grande,treino,base,e930abe4d992,results/models_7d/models_sac/sac_3d_final_cooperative_door.zip,2026-07-05T20:18:07,mtime
0,0.0,77.61315730252261,2000,False,SAC,cooperative_door,mapa_grande,treino,base,e930abe4d992,results/models_7d/models_sac/sac_3d_final_cooperative_door.zip,2026-07-05T20:18:07,mtime
0,0.0,-1824.167034790207,2000,False,SAC,cooperative_door,mapa_grande,treino,base,e930abe4d992,results/models_7d/models_sac/sac_3d_final_cooperative_door.zip,2026-07-05T20:18:07,mtime
0,0.0,-3869.3139381850115,2000,False,SAC,cooperative_door,mapa_grande,treino,base,e930abe4d992,results/models_7d/models_sac/sac_3d_final_cooperative_door.zip,2026-07-05T20:18:07,mtime
0,0.0,-2419.1699843491424,2000,False,SAC,cooperative_door,mapa_grande,treino,base,e930abe4d992,results/models_7d/models_sac/sac_3d_final_cooperative_door.zip,2026-07-05T20:18:07,mtime
0,0.0,-236.1216154075977,2000,False,SAC,cooperative_door,mapa_grande,treino,base,e930abe4d992,results/models_7d/models_sac/sac_3d_final_cooperative_door.zip,2026-07-05T20:18:07,mtime
0,0.0,-3891.0178082704256,2000,False,SAC,cooperative_door,mapa_grande,treino,base,e930abe4d992,results/models_7d/models_sac/sac_3d_final_cooperative_door.zip,2026-07-05T20:18:07,mtime
0,0.0,-4419.269870969576,2000,False,SAC,cooperative_door,mapa_grande,treino,base,e930abe4d992,results/models_7d/models_sac/sac_3d_final_cooperative_door.zip,2026-07-05T20:18:07,mtime
0,0.0,-11938.210910561485,2000,False,SAC,cooperative_perception,mapa_grande,treino,base,e930abe4d992,results/models_7d/models_sac/sac_3d_final_cooperative_perception.zip,2026-07-06T01:55:01,mtime
0,0.0,-12723.334403844223,2000,False,SAC,cooperative_perception,mapa_grande,treino,base,e930abe4d992,results/models_7d/models_sac/sac_3d_final_cooperative_perception.zip,2026-07-06T01:55:01,mtime
0,0.0,-14447.225473427425,2000,False,SAC,cooperative_perception,mapa_grande,treino,base,e930abe4d992,results/models_7d/models_sac/sac_3d_final_cooperative_perception.zip,2026-07-06T01:55:01,mtime
0,0.0,-14909.785234219766,2000,False,SAC,cooperative_perception,mapa_grande,treino,base,e930abe4d992,results/models_7d/models_sac/sac_3d_final_cooperative_perception.zip,2026-07-06T01:55:01,mtime
0,0.0,-10405.854107354073,2000,False,SAC,cooperative_perception,mapa_grande,treino,base,e930abe4d992,results/models_7d/models_sac/sac_3d_final_cooperative_perception.zip,2026-07-06T01:55:01,mtime
0,0.0,-11812.117191593275,2000,False,SAC,cooperative_perception,mapa_grande,treino,base,e930abe4d992,results/models_7d/models_sac/sac_3d_final_cooperative_perception.zip,2026-07-06T01:55:01,mtime
0,0.0,-12348.323722704436,2000,False,SAC,cooperative_perception,mapa_grande,treino,base,e930abe4d992,results/models_7d/models_sac/sac_3d_final_cooperative_perception.zip,2026-07-06T01:55:01,mtime
0,0.0,-13894.012328526633,2000,False,SAC,cooperative_perception,mapa_grande,treino,base,e930abe4d992,results/models_7d/models_sac/sac_3d_final_cooperative_perception.zip,2026-07-06T01:55:01,mtime
0,0.0,-12057.197530092812,2000,False,SAC,cooperative_perception,mapa_grande,treino,base,e930abe4d992,results/models_7d/models_sac/sac_3d_final_cooperative_perception.zip,2026-07-06T01:55:01,mtime
0,0.0,-11947.097776039474,2000,False,SAC,cooperative_perception,mapa_grande,treino,base,e930abe4d992,results/models_7d/models_sac/sac_3d_final_cooperative_perception.zip,2026-07-06T01:55:01,mtime
0,0.0,-11686.886135487775,2000,False,SAC,cooperative_perception,mapa_grande,treino,base,e930abe4d992,results/models_7d/models_sac/sac_3d_final_cooperative_perception.zip,2026-07-06T01:55:01,mtime
0,0.0,-12689.648079355477,2000,False,SAC,cooperative_perception,mapa_grande,treino,base,e930abe4d992,results/models_7d/models_sac/sac_3d_final_cooperative_perception.zip,2026-07-06T01:55:01,mtime
0,0.0,-12803.681064350252,2000,False,SAC,cooperative_perception,mapa_grande,treino,base,e930abe4d992,results/models_7d/models_sac/sac_3d_final_cooperative_perception.zip,2026-07-06T01:55:01,mtime
0,0.0,-13475.535740059706,2000,False,SAC,cooperative_perception,mapa_grande,treino,base,e930abe4d992,results/models_7d/models_sac/sac_3d_final_cooperative_perception.zip,2026-07-06T01:55:01,mtime
0,0.0,-10813.154001526571,2000,False,SAC,cooperative_perception,mapa_grande,treino,base,e930abe4d992,results/models_7d/models_sac/sac_3d_final_cooperative_perception.zip,2026-07-06T01:55:01,mtime
0,0.0,-14062.362425136176,2000,False,SAC,cooperative_perception,mapa_grande,treino,base,e930abe4d992,results/models_7d/models_sac/sac_3d_final_cooperative_perception.zip,2026-07-06T01:55:01,mtime
0,0.0,-11906.451093542002,2000,False,SAC,cooperative_perception,mapa_grande,treino,base,e930abe4d992,results/models_7d/models_sac/sac_3d_final_cooperative_perception.zip,2026-07-06T01:55:01,mtime
0,0.0,-12191.657297612504,2000,False,SAC,cooperative_perception,mapa_grande,treino,base,e930abe4d992,results/models_7d/models_sac/sac_3d_final_cooperative_perception.zip,2026-07-06T01:55:01,mtime
0,0.0,-11820.460604899741,2000,False,SAC,cooperative_perception,mapa_grande,treino,base,e930abe4d992,results/models_7d/models_sac/sac_3d_final_cooperative_perception.zip,2026-07-06T01:55:01,mtime
0,0.0,-14503.6878201822,2000,False,SAC,cooperative_perception,mapa_grande,treino,base,e930abe4d992,results/models_7d/models_sac/sac_3d_final_cooperative_perception.zip,2026-07-06T01:55:01,mtime
0,0.0,-6776.320741528105,2000,False,SAC,cooperative_door_bypass,mapa_grande,treino,base,e930abe4d992,results/models_7d/models_sac/sac_3d_final_cooperative_door_bypass.zip,2026-07-06T07:31:56,mtime
0,0.0,-9837.46797993671,2000,False,SAC,cooperative_door_bypass,mapa_grande,treino,base,e930abe4d992,results/models_7d/models_sac/sac_3d_final_cooperative_door_bypass.zip,2026-07-06T07:31:56,mtime
0,0.0,-10992.397205355324,2000,False,SAC,cooperative_door_bypass,mapa_grande,treino,base,e930abe4d992,results/models_7d/models_sac/sac_3d_final_cooperative_door_bypass.zip,2026-07-06T07:31:56,mtime
0,0.0,-9710.555141382798,2000,False,SAC,cooperative_door_bypass,mapa_grande,treino,base,e930abe4d992,results/models_7d/models_sac/sac_3d_final_cooperative_door_bypass.zip,2026-07-06T07:31:56,mtime
0,0.0,-9530.429565024555,2000,False,SAC,cooperative_door_bypass,mapa_grande,treino,base,e930abe4d992,results/models_7d/models_sac/sac_3d_final_cooperative_door_bypass.zip,2026-07-06T07:31:56,mtime
0,0.0,-9281.833188489878,2000,False,SAC,cooperative_door_bypass,mapa_grande,treino,base,e930abe4d992,results/models_7d/models_sac/sac_3d_final_cooperative_door_bypass.zip,2026-07-06T07:31:56,mtime
0,0.0,-5843.746765609116,2000,False,SAC,cooperative_door_bypass,mapa_grande,treino,base,e930abe4d992,results/models_7d/models_sac/sac_3d_final_cooperative_door_bypass.zip,2026-07-06T07:31:56,mtime
0,0.0,-10077.458020263566,2000,False,SAC,cooperative_door_bypass,mapa_grande,treino,base,e930abe4d992,results/models_7d/models_sac/sac_3d_final_cooperative_door_bypass.zip,2026-07-06T07:31:56,mtime
0,0.0,-7138.145385980952,2000,False,SAC,cooperative_door_bypass,mapa_grande,treino,base,e930abe4d992,results/models_7d/models_sac/sac_3d_final_cooperative_door_bypass.zip,2026-07-06T07:31:56,mtime
0,0.0,-10691.92460324771,2000,False,SAC,cooperative_door_bypass,mapa_grande,treino,base,e930abe4d992,results/models_7d/models_sac/sac_3d_final_cooperative_door_bypass.zip,2026-07-06T07:31:56,mtime
0,0.0,-10345.608192991027,2000,False,SAC,cooperative_door_bypass,mapa_grande,treino,base,e930abe4d992,results/models_7d/models_sac/sac_3d_final_cooperative_door_bypass.zip,2026-07-06T07:31:56,mtime
0,0.0,-8829.80756296498,2000,False,SAC,cooperative_door_bypass,mapa_grande,treino,base,e930abe4d992,results/models_7d/models_sac/sac_3d_final_cooperative_door_bypass.zip,2026-07-06T07:31:56,mtime
0,0.0,-10560.505323586061,2000,False,SAC,cooperative_door_bypass,mapa_grande,treino,base,e930abe4d992,results/models_7d/models_sac/sac_3d_final_cooperative_door_bypass.zip,2026-07-06T07:31:56,mtime
0,0.0,-9868.186920919183,2000,False,SAC,cooperative_door_bypass,mapa_grande,treino,base,e930abe4d992,results/models_7d/models_sac/sac_3d_final_cooperative_door_bypass.zip,2026-07-06T07:31:56,mtime
0,0.0,-6422.698467085074,2000,False,SAC,cooperative_door_bypass,mapa_grande,treino,base,e930abe4d992,results/models_7d/models_sac/sac_3d_final_cooperative_door_bypass.zip,2026-07-06T07:31:56,mtime
0,0.0,-9350.361596229053,2000,False,SAC,cooperative_door_bypass,mapa_grande,treino,base,e930abe4d992,results/models_7d/models_sac/sac_3d_final_cooperative_door_bypass.zip,2026-07-06T07:31:56,mtime
0,0.0,-7226.813855571202,2000,False,SAC,cooperative_door_bypass,mapa_grande,treino,base,e930abe4d992,results/models_7d/models_sac/sac_3d_final_cooperative_door_bypass.zip,2026-07-06T07:31:56,mtime
0,0.0,-11849.99004427744,2000,False,SAC,cooperative_door_bypass,mapa_grande,treino,base,e930abe4d992,results/models_7d/models_sac/sac_3d_final_cooperative_door_bypass.zip,2026-07-06T07:31:56,mtime
0,0.0,-8357.823663798594,2000,False,SAC,cooperative_door_bypass,mapa_grande,treino,base,e930abe4d992,results/models_7d/models_sac/sac_3d_final_cooperative_door_bypass.zip,2026-07-06T07:31:56,mtime
0,0.0,-10351.032087604124,2000,False,SAC,cooperative_door_bypass,mapa_grande,treino,base,e930abe4d992,results/models_7d/models_sac/sac_3d_final_cooperative_door_bypass.zip,2026-07-06T07:31:56,mtime
